episode,reward
1,-965.6771034140427
2,-917.1023202007727
3,-689.1205921989787
4,-936.044681784781
5,-987.3319782592586
6,-912.2177261835651
7,-957.5498795499418
8,-1087.0992844059886
