episode,waiting_time,co2_emission,throughput,reward
0,98283.0,299.2183333333334,0.0,-1340.0386743543347
5,77686.0,282.6395748269642,0.0,-1187.889989236893
