episode,reward
1,-2632.155633207392
2,-1995.822495812857
3,-1650.2991601586232
4,-2916.530851779305
5,-2369.5561485918097
6,-2339.5638540268947
7,-2884.834995330351
8,-2129.6093677543035
9,-2179.2681751387495
10,-2254.1319014261053
11,-1877.868654025656
