episode,reward,smoothed_reward
1,-2211.377046670246,-2211.377046670246
