episode,reward,smoothed_reward
1,-2113.409261430581,-2113.409261430581
2,-2212.833308750228,-2133.2940708945107
3,-1958.0499182229828,-2098.245240360205
4,-2150.7444168049105,-2108.745075649146
5,-2060.040711147224,-2099.004202748762
6,-2082.9832839935357,-2095.800018997717
7,-1875.0491113301644,-2051.6498374642065
8,-2569.0728515286455,-2155.1344402770947
9,-1800.555122788409,-2084.2185767793576
10,-2013.9536724311224,-2070.1655959097106
11,-2023.6090349735177,-2060.8542837224722
