episode,reward,smoothed_reward
1,-2113.409261430581,-2113.409261430581
