episode,step,waiting_time,safety,pedestrian_wait,throughput,congestion,reward,episode_reward,exploration_rate,learning_rate,q_table_size
0,0,0.0,0.0,0.0,0,0.0,0.9344944125695249,0.9344944125695249,0.5,0.005,1
0,10,429.0,0.0,15.0,0,0.18193333333333334,-0.24640567874378194,2.875886595072466,0.5,0.005,9
0,20,1903.0,1.3798526495610584,0.0,2,0.3935333333333333,-0.4049507483549879,-5.12653595000863,0.5,0.005,18
0,30,3779.0,1.700350949602822,15.0,0,0.6786000000000001,-2.314678540744295,-13.441347997889974,0.5,0.005,27
0,40,5052.0,0.0,15.0,0,0.7501333333333333,-2.8204289622886507,-32.26219210493642,0.5,0.005,35
0,50,4568.0,1.8572189508054149,0.0,0,0.6378666666666666,-0.9825827322441356,-43.909286731514754,0.5,0.005,44
0,60,5235.0,1.9342641390785258,15.0,3,0.6823333333333332,-0.8731144853909409,-56.522181386609184,0.5,0.005,52
