episode,step,waiting_time,safety,pedestrian_wait,throughput,congestion,reward,episode_reward,exploration_rate,learning_rate,q_table_size
0,0,0.0,0.0,0.0,0,0.0,0.9375346654898723,0.9375346654898723,0.5,0.005,1
0,10,308.0,0.0,15.0,0,0.17386666666666667,-0.21637573858622294,3.185271878628482,0.5,0.005,10
0,20,1581.0,0.0,15.0,0,0.35873333333333335,-1.162934989160033,-2.4548179456212926,0.5,0.005,17
0,30,3568.0,2.388855039211921,15.0,0,0.5312,-1.742028390994898,-17.82410243355256,0.5,0.005,23
0,40,2528.0,1.474269912490854,0.0,0,0.38853333333333334,0.07295567239494316,-22.056001761695665,0.5,0.005,32
0,50,4582.0,0.0,15.0,0,0.7321333333333333,-2.335283793831961,-34.65318100213026,0.5,0.005,40
0,60,5646.0,1.4576480986035054,15.0,0,0.6564000000000001,-0.6970993451649972,-56.29497019828714,0.5,0.005,45
